Authors,Title,Publication,Volume,Number,Pages,Year,Publisher
"Weed, Ethan; McGregor, William; Feldbæk Nielsen, Jørgen; Roepstorff, Andreas; Frith, Uta; ",Theory of Mind in adults with right hemisphere damage: What's the story?,Brain and language,113,2,65-72,2010,Elsevier
"Wallentin, Mikkel; Weed, Ethan; Østergaard, Leif; Mouridsen, Kim; Roepstorff, Andreas; ",Accessing the mental space—spatial working memory processes for language and vision overlap in precuneus,Human Brain Mapping,29,5,524-532,2008,"Wiley Subscription Services, Inc., A Wiley Company Hoboken"
"Tylén, Kristian; Weed, Ethan; Wallentin, Mikkel; Roepstorff, Andreas; Frith, Chris D; ",Language as a tool for interacting minds,Mind & Language,25,1,3-29,2010,"Blackwell Publishing Ltd Oxford, UK"
"Tylén, Kristian; Phillipsen, Johanne Stege; Weed, Ethan; ",Taking the language stance in a material world: a comprehension study,Pragmatics &# 38; Cognition,17,3,573-595,2009,John Benjamins Publishing Company
"Weed, Ethan; ",Theory of mind impairment in right hemisphere damage: A review of the evidence,International Journal of Speech-Language Pathology,10,6,414-424,2008,Taylor & Francis
"Weed, Ethan; ",Looking for Beauty in the Brain,Estetika: The European Journal of Aesthetics,45,1,5-23,2008,Helsinki University Press
"Weed, Ethan; McGregor, William; Feldbaek, Jorgen; Roepstroff, Andreas; ",Moving pictures: using descriptions of animations to assess theory of mind in people with right-hemisphere damage,La lingüística ante el reto de la aplicación clínica: actas del II Congreso Internacional de Lingüística Clínica,,,247-249,2009,UNED-Universidad Nacional de Educación a Distancia
"Weed, Ethan; ",What's left to learn about right hemisphere damage and pragmatic impairment?,Aphasiology,25,8,872-889,2011,Taylor & Francis
"Weed, Ethan; ",A Labyrinth OF SYMBOLS EXPLORING ‘THE GARDEN OF FORKING PATHS’,Variaciones Borges,18,,161-189,2004,
"Fusaroli, Riccardo; Weed, Ethan; Simonsen, Arndis; Bliksted, Vibeke Fuglsang; ",Non-linear dynamics of speech and voice in schizophrenia,Neurobiology of Language,,,,2013,
"Weed, Ethan; Fusaroli, Riccardo; ",Prosodic production in right-hemisphere stroke patients: using temporal dynamics to characterize voice quality,Neurobiology of Language,,,,2013,
"Weed, Ethan; ","Stephen E. Palmer and Arthur P. Shimamura, eds. Aesthetic Science",Estetika: The European Journal of Aesthetics,50,1,128-133,2013,Helsinki University Press
"Bliksted, Vibeke; Fagerlund, Birgitte; Weed, Ethan; Frith, Chris; Videbech, Poul; ",Social cognition and neurocognitive deficits in first-episode schizophrenia,Schizophrenia research,153,1-3,9-17,2014,Elsevier
"Kizach, Johannes; Christensen, Ken Ramshøj; Weed, Ethan; ",A verbal illusion: now in three languages,Journal of Psycholinguistic Research,45,3,753-768,2016,Springer US New York
"Petersen, Bjørn; Weed, Ethan; Sandmann, Pascale; Brattico, Elvira; Hansen, Mads; Sørensen, Stine Derdau; Vuust, Peter; ",Brain responses to musical feature changes in adolescent cochlear implant users,Frontiers in human neuroscience,9,,7,2015,Frontiers Media SA
"Tyléna, Kristian; Bjørndahla, Johanne Stege; Weedb, Ethan; ",Actualizing semiotic affordances in a material world,Distributed Language,,,81-100,2011,John Benjamins Publishing Company
"Petersen, Bjørn; ",Behavioral and Neurological Responses to Musical Features in Adolescent Cochlear Implant Users Before and After an Intensive Musical Training Program,,,,,2013,
"Fusaroli, Riccardo; Grossman, Ruth; Cantio, Cathriona; Bilenberg, Niels; Weed, Ethan; ",The temporal structure of the autistic voice: A cross-linguistic investigation,IMFAR 2015,,,,2015,
"Fusaroli, Riccardo; Bang, Dan; Weed, Ethan; ",Non linear analyses of speech and prosody in Asperger's syndrome,International meeting for autism research,,,,2013,
"Fusaroli, Riccardo; Tylén, Kristian; Simonsen, Arndis; Weed, Ethan; ",Non-linear dynamics of voice in mental disorders,Cognitive Science,,,,2013,
"Weed, Ethan; Christensen, Peer; ",Cross-modal integration of affective facial expression and vocal prosody: an EEG study,The 3rd Conference of the Scandinavian Association for Language and Cognition,,,,2011,
"Weed, Ethan; ","Når ""godt gået"" betyder ""dumt gjort"" : Pragmatik og læsioner i hjernens højre hemisfære.",Logos: Audiologopædisk Tidsskrift,,57,12-13,2009,
"Petersen, Bjørn; Weed, Ethan; Hansen, Mads; Sørensen, Stine Derdau; Sandmann, Pascale; Vuust, Peter; ",Brain Responses to Language-relevant Musical Features in Adolescent Cochlear Implant Users Before and After an Intensive Music Training Program,SNL 2013: The Fifth Annual Meeting of the Society for the Neurobiology of Language,,,,2013,
"Weed, Ethan; ","Aspectos de la citación en"" Tlön, Uqbar, Orbis Tertius""",Variaciones Borges,,,21-42,2004,"The Jorge Luis Borges Center for Studies & Documentation, University of Aarhus"
"Fusaroli, Riccardo; Tylén, Kristian; Simonsen, Arndis; Weed, Ethan; ",Automatic classification of patients with mental disorders according to voice dynamics.,CogSci,,,,2013,
"Fusaroli, Riccardo; Weed, Ethan; Fein, Deborah; Naigles, Letitia; ",Hearing me hearing you: Reciprocal effects between child and parent language in autism and typical development,Cognition,183,,1-18,2019,Elsevier
"Wallentin, M; Weed, E; Østergaard, L; Mouridsen, K; Roepstorff, A; ",Accessing the mental space—Linguistic and visual spatial memory processes overlap in precuneus,Human Brain Mapping,29,5,524-532,2008,
"Fusaroli, Riccardo; Weed, Ethan; Fein, Deborah; Naigles, Letitia; ",Parental linguistic alignment in conversations with children with ASD and TD children,INSAR 2019,,,,2019,
"Bønnerup, Katrine H; Pedersen, Anne Leth; Weed, Ethan; Parrila, Rauno; ",Differences in the literacy skills of Danish dyslexic students in two types of higher education programmes,Dyslexia,25,2,173-189,2019,
"Weed, Ethan; Fusaroli, Riccardo; Mayo, Jessica; Eigsti, Inge-Marie; ","Creaky voice in adolescents with autism spectrum disorder: An acoustic, quantitative analysis",INSAR 2019,,,,2019,
"Weed, Ethan; Fusaroli, Riccardo; ",Acoustic measures of prosody in right-hemisphere damage: A systematic review and meta-analysis,"Journal of Speech, Language, and Hearing Research",63,6,1762-1775,2020,American Speech-Language-Hearing Association
"Weed, Ethan; Fusaroli, Riccardo; Mayo, Jessica; Eigsti, Inge-Marie; ",Relative Importance of Prosody Versus Voice Quality for Clinician Assessments of Speech in ASD,INSAR 2020 Virtual,,,,2020,
"Weed, Ethan; Fusaroli, Riccardo; Mayo, Jessica; Eigsti, Inge-Marie; ",Subgroup Identification of Speakers with and without ASD Using Network Models of Acoustic Features of Prosody and Voice,INSAR 2020 Virtual,,,,2020,
"Fusaroli, Riccardo; Weed, Ethan; Fein, Deborah; Naigles, Letitia; ",Spontaneous Linguistic Alignment Is Reduced and Less Flexible in Children with ASD,INSAR 2020 Virtual,,,,2020,
"Fusaroli, Riccardo; Grossman, Ruth; Bilenberg, Niels; Cantio, Cathriona; Jepsen, Jens Richardt Møllegaard; Weed, Ethan; ",Toward a cumulative science of vocal markers of autism: A cross‐linguistic meta‐analysis‐based investigation of acoustic markers in American and Danish autistic children,Autism Research,15,4,653-664,2022,"John Wiley & Sons, Inc. Hoboken, USA"
"Fusaroli, Riccardo; Weed, Ethan; Rocca, Roberta; Fein, Deborah; Naigles, Letitia; ",Caregiver linguistic alignment to autistic and typically developing children: A natural language processing approach illuminates the interactive components of language development,Cognition,236,,105422,2023,Elsevier
"Rybner, Astrid; Jessen, Emil Trenckner; Mortensen, Marie Damsgaard; Larsen, Stine Nyhus; Grossman, Ruth; Bilenberg, Niels; Cantio, Cathriona; Jepsen, Jens Richardt Møllegaard; Weed, Ethan; Simonsen, Arndis; ",Vocal markers of autism: Assessing the generalizability of machine learning models,Autism Research,15,6,1018-1030,2022,"John Wiley & Sons, Inc. Hoboken, USA"
"Weed, Ethan; Fusaroli, Riccardo; Simmons, Elizabeth; Eigsti, Inge-Marie; ",Different in different ways: A network-analysis approach to voice and prosody in Autism Spectrum Disorder,Language Learning and Development,20,1,40-57,2024,Psychology Press
"Ottosen, Helle Fredslund; Bønnerup, Katrine H; Weed, Ethan; Parrila, Rauno; ",Identifying dyslexia at the university: assessing phonological coding is not enough,Annals of Dyslexia,72,1,147-170,2022,Springer US New York
"Fusaroli, Riccardo; Weed, Ethan; Rocca, Roberta; Fein, Deborah; Naigles, Letitia; ",Repeat after me? Both children with and without autism commonly align their language with that of their caregivers,Cognitive Science,47,11,e13369,2023,
"Hansen, Lasse; Rocca, Roberta; Simonsen, Arndis; Olsen, Ludvig; Parola, Alberto; Bliksted, Vibeke; Ladegaard, Nicolai; Bang, Dan; Tylén, Kristian; Weed, Ethan; ",Speech-and text-based classification of neuropsychiatric conditions in a multidiagnostic setting,Nature Mental Health,1,12,971-981,2023,Nature Publishing Group US New York
"Fusaroli, Riccardo; Weed, Ethan; Berger, Deborah F; Naigles, Letitia; ",Both children with and without autism commonly align their language with that of their caregivers,INSAR 2023,,,,2023,INSAR
"Corrigan, Grace; Carmona, Juandiego; Fusaroli, Riccardo; Weed, Ethan; Fein, Deborah; Naigles, Letitia; ",Autistic teenagers lexically align at similar rates to typically developing peers,Age (Years),20,15.30,15-30,2023,
"Fumel, Jules; BAHUAUD, Delphine; WEED, Ethan; FUSAROLI, Riccardo; Basirat, Anahita; ",Impact de la maladie de Parkinson sur les paramètres acoustiques de la prosodie: une revue systématique et une méta-analyse Bayésienne,9ème Journée de Phonétique Clinique,,,49,2023,
"Rybner, Astrid; Jessen, Emil Trenckner; Damsgraad Mortensen, M; Larsen, Stine Nyhus; Grossman, Ruth; Bilenberg, Niels; Cantio, Cathriona; Jepsen, Jens Richardt Møllegaard; Weed, Ethan; Simonsen, Arndis; ",Vocal markers of Autism Spectrum Disorder: assessing the generalizability of machine learning models,Autism Research,,,1-13,2021,
"Björnsdóttir, Marina; Hollenstein, Nora; Weed, Ethan; ",Påvisning af ordblindhed ud fra eye tracking-optagelser på dansk,"NyS, Nydanske Sprogstudier",,63,47-73,2023,
"Björnsdóttir, Marina; Hollenstein, Nora; Weed, Ethan; ",Detection of dyslexia in Danish based on eye tracking recordings,"NyS, Nydanske Sprogstudier",,63,206-206,2023,
"Weed, Ethan; Fusaroli, Riccardo; Simmons, Elizabeth Schoen; Eigsti, Inge-Marie; ",Different Together: Prosodic Network Communities in Speakers with and without ASD,INSAR 2023,,,,2023,INSAR
"Weed, Ethan; Petersen, Bjørn; Sørensen, Stine Derdau; ","Music, Voice, and Auditory Brainstem Response",,,,,,
"Weed, Ethan; Fusaroli, Riccardo; Fein, Deborah; Naigles, Letitia; ",Longitudinal adaptation in language development: A study of typically-developing children and children with ASD,2015 Society for Research in Child Development Biennial Meeting,,,,2015,
"Fusaroli, Riccardo; Lambrechts, Anna; Weed, Ethan; Yarrow, Kielan; Maras, Katie; Bowler, Dermot; Gaigg, Sebastian; ",Social impairment in conversation: disfluency and compensatory mechanisms,IMFAR 2017,,,,2017,
"Weed, Ethan; Fusaroli, Riccardo; Tranbjerg, Jonas; Fein, Deborah; Naigles, Letitia; ",Speech turn dynamics in a longitudinal corpus of child-caregiver interactions,,,,,2017,
"Weed, Ethan; Allen, Micah Galen; Gramm, Daniel; ",Negative “gossip” stimuli modulate left-lateralized P1 component while viewing neutral faces.,Society for the Neurobiology of Language Conference 2012,,,,2012,
"Fusaroli, Riccardo; Weed, Ethan; Fein, Deborah; Naigles, Letitia; ","Parental linguistic alignment to their children facilitates language acquisition, with syntactic alignment being particularly relevant for children with ASD",INSAR 2019,,,,2019,
"Bønnerup, Katrine H; Weed, Ethan; Parrila, Rauno; Ottosen, Helle Fredslund; ","Correction to: Identifying dyslexia at the university: assessing phonological coding is not enough (Annals of Dyslexia,(2022), 72, 1,(147-170), 10.1007/s11881-021-00247-9)",Annals of Dyslexia,72,3,566-567,2022,Springer
"Ottosen, Helle Fredslund; Bønnerup, Katrine Hammer; Weed, Ethan; ",Word level problems in Danish students assessed for dyslexia in higher education,,,,,2019,
"Weed, Ethan; Fusaroli, Riccardo; Mayo, Jessica; Eigsti, Inge-Marie; ",Symptom severity and acoustically-identified groups of speakers with and without autism spectrum disorder,MOLA 2020 (Cancelled),,,,2020,
"Sørensen, Louise Langhoff; Ravn, Ida Elise; Weed, Ethan; ",Testning af alment ordforråd hos danske universitetsstuderende: et normeringsstudie,Dansk Audiologopaedi,53,1,10-15,2017,Audiologopædisk Forening
"Fusaroli, Riccardo; Weed, Ethan; Lambrechts, Anna; Bowler, Dermot; Gaigg, Sebastian; ",Towards a cumulative science of prosody in ASD,INSAR 2018: Annual meeting,,,,2018,
"Zareini, Bochra; Nielsen, Jørgen Feldbæk; Kock-Jensen, Carsten; Vuust, Peter; Weed, Ethan; Pedersen, Michael Nygaard; Overgaard, Morten; ",Cognitive Complexity and Disorders of Consciousness,,,,,2013,
"Weed, Ethan; ","Getting the Message Right: Social Cognition, Pragmatic Impairment, and Right Hemisphere Damage",,,,,2011,Århus Universitet
"Fusaroli, Riccardo; Weed, Ethan; Fein, Deborah; Naigles, Letitia; ",Intact but Atypical Lexical and Syntactic Alignment in Spontaneous Speech of Children with Autism Spectrum Disorder,MOLA 2020 (Cancelled),,,,2020,
"Weed, Ethan; Kratschmer, Alexandra Regina; Pedersen, Michael Nygaard; ",Testing the validity of wireless EEG for cognitive research with auditory and visual paradigms,SNL 2014-Society for the Neurobiology of Language,,,,2014,
"Weed, Ethan; Fusaroli, Riccardo; Tranbjerg, Jonas; Fein, Deborah; Naigles, Letitia; ",Conversational dynamics in a longitudinal corpus of caregiver-child interactions,International Meeting for Autism Research,,,,2017,
"Petersen, Bjørn; Weed, Ethan; Hansen, Mads; Sørensen, Stine Derdau; Sandmann, Pascale; Vuust, Peter; ",Brain response to a rhythm deviant in adolescent cochlear implant users before and after an intensive musical training program,Neurobiology of Language,,,,2013,
"Fusaroli, Riccardo; Weed, Ethan; Naigles, Letitia; ",Learning to interact: Developmental trajectories of linguistic alignment in ASD,IMFAR 2016,,,,2016,
"Weed, Ethan; Kratschmer, Alexandra Regina; Lieberoth, Andreas; Pedersen, Michael Nygaard; ",Wireless EEG for field study: Checking the data quality,CFIN/MINDLab Retreat 2014,,,,2014,
"Weed, Ethan; ",Sounds in context: electrophysiological evidence for local bias in auditory processing,,,,,2014,
"Fusaroli, Riccardo; Weed, Ethan; ",Clinical Voices-an update,Autism at Aarhus 2013,,,,2013,
"Weed, Ethan; Fusaroli, Riccardo; ",Modeling parent-child dyads in the linguistic development of children with and without ASD,AUTISM@ AARHUS 2015 SYMPOSIUM: 4TH ANNIVERSARY MEETING,,,,2015,
"Weed, Ethan; ","Bits and pieces: perception, cognition, and language in patients with damage to the right cerebral hemisphere.",,,,,2007,
"Fusaroli, Riccardo; Weed, Ethan; Fein, Deborah; Naigles, Letitia; ",Linguistic adaptation between mothers and children in ASD: A longitudinal perspective,Psychonomic Society's 55th Annual Meeting,,,,2014,
"Fusaroli, Riccardo; Cantio, Cathriona; Bilenberg, Niels; Weed, Ethan; ",Voice Patterns in Children with Autism Spectrum Disorder: Predicting Diagnostic Status and Symptoms Severity,the International Meeting for Autism Research 2014,,,,2014,
"Weed, Ethan; ",Is there an irony center in the brain?,Ironistik: Ironi i et multidisciplinært perspektiv,,,79-83,2013,Publizon
"Fusaroli, Riccardo; Weed, Ethan; Fein, Deborah; Naigles, Letitia; ",Language development in context: a longitudinal study of typically-developing children and children with ASD,IMFAR 2015,,,,2015,
"Carmona, Juandiego; Fusaroli, Riccardo; Weed, Ethan; Nguyen, Khanhvy; Naigles, Letitia; ","Should we wave, ask, run, steal? Categorizing aliens by teens with typical development or ASD",SRCD 2021 Biennial Meeting,,,,2021,
"Weed, Ethan; Fusaroli, Riccardo; ",No Acoustic Evidence from RHD for a Right Hemisphere Role in Prosody Production: A Meta-Analysis,The Ninth Annual Meeting of the Society for the Neurobiology of Language,,,,2017,
"Corrigan, Grace; Fusaroli, Riccardo; Weed, Ethan; Fein, Deborah; Naigles, Letitia; ",Autistic and neurotypical child-to-caregiver alignment in a cooperative task,16th Annual International Congress for the Study of Child Language,,,,2024,
"Fumel, Jules; Bahuaud, D; Weed, E; Fusaroli, R; Basirat, Anahita; ",Impact of Parkinson’s disease on linguistic prosody production: a systematic review and meta-analysis,Meeting of the Society for the Neurobiology of Language,,,,2023,
"Fusaroli, Riccardo; Grossman, Ruth; Cantio, Cathriona; Bilenberg, Niels; Weed, Ethan; ",The temporal structure of the autistic voice: A cross-linguistic examination,IMFAR 2015,,,,2015,
"Fusaroli, Riccardo; Cox, Christopher; Weed, Ethan; Szabó, Balázs István; Fein, Deborah; Naigles, Letitia; ",The development of turn‐taking skills in typical development and autism,Cognitive science,49,7,e70082,2025,
"Fusaroli, Riccardo; Cox, Christopher Martin Mikkelsen; Weed, Ethan; Fein, Deborah; Naigles, Letitia; ",The Development of Turn-Taking Skills in Autistic and Typically Developing Children,INSAR 2024,,,,2024,
"Weed, Ethan; ","Cloze, but not cloze enough: An inference-based cloze test only moderately predicts reading comprehension in proficient adult readers",The Ninth Conference of The Scandinavian Association for Language and Cognition,,,,2024,
"Fumel, Jules; Bahuaud, Delphine; Weed, Ethan; Fusaroli, Riccardo; Basirat, Anahita; ",A systematic review and bayesian meta-analysis of acoustic measures of prosody in Parkinson's disease,"Journal of Speech, Language, and Hearing Research",67,8,2548-2564,2024,American Speech-Language-Hearing Association
"Liu, Talia; Davison, Kelsey E; Kershenbaum, Ayelet M; Weed, Ethan; Gabrieli, John DE; Tager-Flusberg, Helen; Zuk, Jennifer; ",Rethinking prosody production in autism: Nuanced insights from individual differences and network analysis approaches,"Journal of Speech, Language, and Hearing Research",,,1-19,2026,American Speech-Language-Hearing Association
"Weed, Ethan; Fusaroli, Riccardo; Grossman, Ruth; ",What's Up With Pitch Variation?,Meeting on Language in Autism,,,,2024,
"de Place Bak, Petra; Weed, Ethan; ",Cognitive Attraction and the Spread of Misinformation on Danish Facebook,,,,,,OSF
"Weed, Ethan; ",Time to Give Up on Vocal Markers of Autism?,EDULANG 2024: Variation & Diversity in Language Acquisition & Processing,,,,2024,
"de Place Bak, Petra; Weed, Ethan; ","Sharing, commenting, and reacting to Danish misinformation: A case study of cognitive attraction on Facebook",Nordicom Review,46,1,55-75,2025,De Gruyter Poland
"Corrigan, Grace; Fusaroli, Riccardo; Weed, Ethan; Naigles, Letitia; ",Caregivers’ Linguistic Alignment to Autistic and Neurotypical Teenagers,INSAR 2025,,,,2025,INSAR
"Verastegui, Nolyette; Corrigan, Grace; Boo, Cynthia; Fusaroli, Riccardo; Weed, Ethan; Naigles, Letitia; ",‘Uh Huh’: Backchanneling By Autistic and Neurotypical Teens and Their Caregivers in a Collaborative Task,INSAR 2025,,,,2025,INSAR
"Fusaroli, Riccardo; Weed, Ethan; Cox, Christopher Martin Mikkelsen; Szabó, Balázs István; Fein, Deborah; Naigles, Letitia; ",Increased Acoustic Accommodation to Caregivers in Autistic Children: A Longitudinal Study,Meeting On Language and Autism,,,,2026,
"Schillinger, Sarah; O'Connor, Hanna; Groves, Emily; Franke, Hanna; Abashidze, N; Peterson, C; Shen, Stella; Prescott, K; Cox, Christopher Martin Mikkelsen; Weed, Ethan; ",“A quick hello”: Exploring informal self-introductions of autistic and non-autistic adolescents over Zoom,Meeting On Language and Autism,,,,2026,
"Fusaroli, Riccardo; Cox, Christopher Martin Mikkelsen; Weed, Ethan; Szabó, Balázs István; Fein, Deborah; Naigles, Letitia; ",A Longitudinal Investigation of Acoustic Conversational Speech Properties in Autistic and Typically Developing Children,INSAR 2026,,,,2026,
"Shen, Stella; Prescott, K; Peterson, C; Schillinger, Sarah; O'Connor, Sarah; Groves, Elana; Franke, Hannah; Abashidze, N; Weed, Ethan; Fusaroli, Riccardo; ",Comparing Direct and Parent-Report Measures of Expressive Language Abilities in Autistic and Neurotypical Teenagers.,Meeting On Language and Autism,,,,2026,
"Groves, Elana; Schillinger, Sarah; O'Connor, Hanna; Franke, Hannah; Abashidze, N; Peterson, C; Shen, Stella; Cox, Christopher Martin Mikkelsen; Weed, Ethan; Fusaroli, Riccardo; ",Neurotype and Sex Effects on Conversational Initiation in a Virtual Task-Based Interaction,Meeting On Language and Autism,,,,2025,
"Ottosen, Helle Fredslund; Bønnerup, Katrine H; Weed, Ethan; Parrila, Rauno; ",CORRECTION: Correction to: Identifying dyslexia at the university: assessing phonological coding is not enough,,,,,2022,
"Schillinger, Sarah; O'Connor, Hanna; Franke, Hannah; Peterson, C; Groves, Elana; Abashidze, N; Shen, Stella; Prescott, K; Cox, Christopher Martin Mikkelsen; Weed, Ethan; ",What I say versus what you see: Do self-reported autistic characteristics and camouflaging behaviors predict diagnostic impressions from naive peers?,INSAR 2026,,,,2026,
"Fusaroli, Riccardo; Weed, Ethan; Cox, Christopher Martin Mikkelsen; Szabó, Balázs István; Fein, Deborah; Naigles, Letitia; ",Acoustic Accommodation to Caregivers Is Stronger in Autistic Children,INSAR 2026,,,,2026,
"Weed, Ethan; Groves, Elana; Fusaroli, Riccardo; Grossman, Ruth; ",Perceptual Consensus across Neurotypes: Autistic and Non-Autistic Raters Agree on What Makes a Good Narrating Voice,INSAR 2026,,,,2026,
"Groves, Elana; Franke, Hannah; Peterson, C; Shen, Stella; Schillinger, Sarah; O'Connor, Sarah; Abashidze, N; Cox, Christopher Martin Mikkelsen; Weed, Ethan; Fusaroli, Riccardo; ","Strategy Matters: Neurotype, Sex, and Initiation Strategy Effects on Collaborative Task Success",INSAR 2026,,,,2026,
"Groves, Elana; Schillinger, Sarah; O'Connor, Hanna; Franke, Hannah; Abashidze, N; Peterson, C; Shen, Stella; Cox, Christopher Martin Mikkelsen; Weed, Ethan; Fusaroli, Riccardo; ",Stick or Switch? Does Task Success Affect Strategy Use on a Collaborative Task between Autistic and Non-Autistic Teens,INSAR 2026,,,,2026,
"Franke, Hannah; O'Connor, Hanna; Schillinger, Sarah; Shen, Stella; Peterson, C; Abashidze, N; Groves, Elana; Fusaroli, Riccardo; Weed, Ethan; Eigsti, Inge-Marie; ",Investigating the Relationship between Laughter and Conversational Enjoyment in Autistic and Non-Autistic Teens,INSAR 2026,,,,2026,
